{"cameraMode":{"drawMode":0,"name":"Shaded","section":"Shading Mode"},"sceneLighting":true,"audioPlay":false,"sceneViewState":{"m_AlwaysRefresh":false,"showFog":true,"showSkybox":true,"showFlares":true,"showImageEffects":true,"showParticleSystems":true,"showVisualEffectGraphs":true,"m_FxEnabled":true},"in2DMode":false,"pivot":{"x":-0.3307649493217468,"y":0.62375807762146,"z":-0.10585993528366089},"rotation":{"x":-0.16125459969043733,"y":0.23497509956359864,"z":-0.03956389054656029,"w":-0.9577153921127319},"size":1.3187071084976197,"orthographic":false}